Refer|1|1
to|606|286
this|227|167
post|5|4
for|221|152
Frequently|1|1
Asked|1|1
Questions|1|1
regarding|2|2
the|1091|342
setup|6|4
tutorial|7|5
and|407|233
Project|5|4
1. |2|2
The|33|32
itself|2|2
is|327|196
linked|1|1
on|147|107
eecs280|1|1
website. |1|1
1|33|27
due|4|4
Wednesday,|1|1
January|1|1
18|1|1
at|40|36
8pm. |1|1
Please|3|3
keep|27|25
followups|1|1
related|4|4
questions|2|2
in|324|208
only..|1|1
.|426|190
Q:|5|1
I|904|319
get|69|60
error|128|107
when|122|100
trying|40|37
run|57|53
VSCode|4|3
WSL|1|1
(error|1|1
starting|1|1
pipe|1|1
progam):.|1|1
A:|5|1
Try|3|1
changing:.|1|1
“pipeProgram”:|2|1
“c:\windows\sysnative\bash.exe”,.|1|1
to.|3|3
“/mnt/c/Windows/System32/bash.exe”,.|1|1
launch.json.|1|1
I’m|7|6
debug|13|10
my|309|174
project|53|48
with|111|89
Mac,|1|1
but|148|131
it’s|2|2
skipping|2|2
all|54|48
breakpoints.|1|1
What|27|26
do|91|82
do?.|2|2
This|20|18
a|251|164
known|1|1
bug|4|4
Microsoft|1|1
C/C++|1|1
extension.|1|1
installing|2|1
`CodeLLDB`|2|1
extension|1|1
following|14|13
steps:.|1|1
In|24|24
VSCode,|2|2
go|14|13
Extensions|1|1
tab|1|1
search|1|1
“CodeLLDB”.|1|1
Set|1|1
your|6|5
`launch.json`|1|1
configuration|2|2
following:.|1|1
{|3|3
“name”:|1|1
“(lldb)|1|1
Launch”,.|1|1
“type”:|1|1
“lldb”,.|1|1
“request”:|1|1
“launch”,.|1|1
“program”:|1|1
“${workspaceFolder}/stats_tests.exe”,.|1|1
“args”:|1|1
[],.|1|1
“cwd”:|1|1
“${workspaceFolder}”,.|1|1
}.|39|14
VSCode/macOS:|1|1
Why|6|6
am|152|110
unable|3|3
view|2|2
console|3|3
output?.|1|1
extension:|1|1
https://eecs280staff.github.io/tutorials/setup_vscode.html#macos-1.|1|1
haven’t|1|1
worked|6|6
vectors|13|12
before|15|14
-|23|11
are|82|69
there|61|55
any|41|39
recommended|3|3
resources?.|1|1
Check|1|1
out|58|49
vector|95|55
https://eecs280staff.github.io/p1-stats/vector.html.|1|1
My|35|33
output|52|41
not|151|127
printing|9|9
out…what|1|1
might|11|8
be|119|87
causing|9|8
this?|18|18
getting|77|70
an|76|67
“Invalid|1|1
Read”|1|1
or|81|74
“Segmentation|1|1
Fault”…what|1|1
this?.|9|9
caused|3|3
by|34|27
“Access-out-of-bounds”|1|1
error.|14|14
You|1|1
indexing|6|5
past|3|3
valid|2|2
elements|8|8
of|266|164
reading|9|8
some|36|31
unknown|1|1
data!|1|1
undefined|13|10
behavior|8|6
that|196|130
computers|1|1
handle|3|3
differently|1|1
(which|4|4
why|48|44
may|10|9
fail|6|6
autograder|46|40
locally).|1|1
Re-read|1|1
function|156|112
think|15|14
about|39|36
where|34|32
it|270|174
could|26|24
index|4|4
bounds.|6|5
Write|1|1
test|141|93
cases|50|40
bounds|9|8
help|27|25
you|24|24
catch|1|1
bug!.|1|1
|166|138
After|8|8
testing|14|14
resize|1|1
based|3|3
details|1|1
from|59|49
specs,|2|2
works|14|12
perfectly.|2|2
However,|21|21
auto|9|8
grader|7|6
says|35|33
file|66|49
don't|27|25
know|57|53
why. |2|2
When|44|43
try|45|42
compile|26|23
stats.cpp|36|31
Any|26|26
would|51|43
greatly|4|4
appreciatied!.|1|1
9/9|9|9
Autotrader|1|1
only|35|33
20/24|1|1
as|78|67
final|5|5
points.|1|1
I've|22|20
already|12|12
written|9|9
many|7|6
tests|46|39
file.|12|9
Is|45|45
because|34|28
we|122|83
need|38|33
cover|2|2
edge|3|3
file?|4|4
score|3|3
still|35|31
shows|7|7
-/24|1|1
canvas,|1|1
has|34|32
been|21|20
graded|12|9
yet|3|3
something|24|24
wrong?|6|6
Hello,.|4|4
mode|26|16
failed|6|6
'stats|1|1
1'|1|1
autograder.|7|7
wanted|11|10
find|21|18
source|2|2
error,|9|9
so|51|47
can|64|62
avoid|3|3
future.|1|1
attached|5|5
code|86|79
(it|2|2
uses|5|4
data|23|19
summarize|61|45
function,|25|23
which|39|37
passed|5|5
its|10|9
tests). .|1|1
Thank|29|29
you. .|1|1
Hello|1|1
Instructors,.|1|1
For|18|18
reason,|1|1
thought|12|11
was|74|57
2|11|10
hour|3|2
grace|2|1
period|2|1
after|21|21
8|3|3
pm,|1|1
tried|38|33
submitting|5|5
9:50,|1|1
realizing|1|1
place.|1|1
anything|21|17
receive|5|5
partial|1|1
credit|4|4
late|1|1
submission?|3|3
done|6|6
best|1|1
busy|1|1
schedule|1|1
also|21|21
ran|4|4
president|1|1
Club|1|1
soccer|1|1
tonight.|1|1
first|20|17
super|1|1
keen|1|1
doing|11|11
well|4|4
class;|1|1
help,|3|3
thank|4|4
time.|3|3
Best|1|1
regards,.|1|1
Suhith|1|1
It|24|23
syllabus|2|2
will|35|29
grade|1|1
our|45|35
private|26|20
public|30|24
tests,|4|4
grading|1|1
deadline.|1|1
Does|26|26
anyone|30|30
how|88|78
long|3|3
take|10|8
scores|1|1
released?|2|2
submission|4|4
working.|5|5
i|35|19
type|24|20
n|5|4
uniqname|2|2
have|121|98
correct|23|22
files|24|22
up|26|23
I'm|99|68
understand|13|12
stdev()|3|3
different|12|11
compiler,|1|1
1.87083,|1|1
quite|3|3
happening..|1|1
 had|1|1
spacing|3|3
main|36|30
just|71|63
spaces|2|2
between|11|9
numbers|21|16
cout.|2|2
Can|24|24
request|2|2
extra|2|2
finished|6|6
attempts|2|2
9/9.|4|4
feedback|1|1
submission.|1|1
summary.push_back({currValue,count});.|1|1
"""expected"|2|2
"expression."""|1|1
no|31|31
clue|3|3
happening|8|8
modeled|1|1
iterate|1|1
count|11|7
through|20|17
vector. |1|1
got|20|18
compilation|3|3
warnings|4|3
part|10|9
grader....|1|1
fix|46|45
those|4|3
didn't|14|13
messages|3|3
terminal|21|17
even|28|25
though|14|13
used|18|15
sanitizer|2|2
already.|3|3
someone|15|15
me|62|58
affect|2|2
tests?|3|3
implement|10|10
believe|5|5
using|38|34
right|12|11
method|4|4
reason|4|4
write:.|1|1
 |723|16
vp.push_back(innerVal);.|1|1
vp.push_back(frequency);.|1|1
summary.push_back(vp);|1|1
-->|1|1
last|14|14
line|23|21
"""No"|3|3
matching|4|4
member|5|4
call|23|19
"'push_back'""."|1|1
issue?|2|2
"expression"""|1|1
issue|19|16
earlier|1|1
assert()|2|2
loop|18|13
print|13|12
values,|2|2
there's|5|4
said|9|8
heap|3|3
buffer|2|2
overload|1|1
shown:.|1|1
AddressSanitizer|1|1
report|1|1
breakpoint|1|1
hit.|1|1
Use|2|2
'thread|1|1
info|2|2
-s'|1|1
extended|1|1
information|5|5
report..|1|1
HCMST_ver3.04.tsv,|1|1
like .|1|1
1:|2|1
3009.|2|1
on,.|1|1
does|21|21
mean|19|13
function?|7|7
had|13|10
Hi,|15|15
regrades|1|1
projects.|1|1
here|7|7
see|26|26
point|10|9
missed|1|1
seems|17|15
like|29|27
flagged|1|1
me,|3|3
output.|6|6
These|1|1
two|12|11
lines|4|4
marked|3|3
ones..|1|1
way|25|25
least|4|4
project?|3|3
can't|18|16
troubleshoot|1|1
anymore.|2|2
Thanks..|3|3
inputting|2|2
4,8,8,8,10,10.|1|1
But|9|9
returns|13|10
instead|8|8
2.19....|1|1
decimals.|1|1
D|1|1
static|2|2
cast|2|2
anything?|2|2
submit|14|11
sure|57|54
what|87|77
means.|2|2
put|15|13
extract|4|4
column|17|11
cout|35|17
cin|6|5
statements|9|7
able|20|18
command|18|16
console.|3|3
skips|1|1
everything|15|14
prints|8|8
without|10|10
ever|1|1
giving|9|9
chance|2|2
input|24|22
anything.|3|3
"""Error"|3|3
opening|3|3
"A"""|1|1
A|3|3
name|6|6
given|10|10
filename|7|7
never|3|3
in.|2|2
Do|13|13
redirection|5|5
stuff|1|1
launch.json,|1|1
main.cpp,|6|6
terminal?|1|1
How|24|23
going|11|11
comparing|2|2
current|4|2
value|30|22
problem|10|8
into|24|22
takes|2|2
compare|2|2
outside|5|5
vector.|10|9
stop|4|4
happening. |1|1
main,|3|3
sin|1|1
tells|1|1
"""error"|5|4
"opening""."|2|2
do..|1|1
tell|8|8
means? |1|1
thing|7|7
fails|5|5
codes|3|3
styles|1|1
comments?|4|4
queue|1|1
over|7|6
hours|2|2
now|12|10
(i|1|1
submitted|9|8
2:20),|1|1
wondering|21|21
if|80|64
backed|1|1
up,|1|1
should|40|37
leave|4|4
resubmit|1|1
files.|7|7
assert(false);|1|1
provided|5|4
starter|12|11
code,|6|6
running|16|16
causes|2|2
assertion|15|12
abort.|1|1
Should|11|9
modify|1|1
these|28|24
guarantee|2|1
non-violation|1|1
RME|1|1
clauses|1|1
(such|1|1
empty|10|9
vectors)|1|1
else|23|22
them?|3|3
Are|15|15
they|19|15
required|5|5
order|7|7
credit?|2|2
sorting|1|1
iterating|2|2
loop,|2|2
use|59|50
another|12|9
(and|4|4
kind?)|1|1
frequency|7|6
each|22|18
number|26|16
vector?|6|6
launch.json|3|3
debug?|1|1
really|18|15
it.|15|14
editor|1|1
VScode.|2|2
percentile|58|34
0|21|13
inclusive|3|2
autograder,|11|11
inputted|3|3
p|14|8
greater|2|2
than|14|10
(ie.|1|1
0,|2|2
25,|1|1
50,|1|1
75,|1|1
100)|2|2
1.|12|10
showing|4|4
25th,|2|2
50th,|2|2
75th,|1|1
100th|15|12
0s|1|1
incorrect.|2|2
Did|2|2
problem?.|2|2
calculate|6|6
array|1|1
one|35|27
number?|3|3
Also|1|1
wouldn't|7|7
single|3|3
itself?|1|1
compiles|7|7
upload|2|2
won't|4|4
run.|1|1
Saying|1|1
missing|5|5
code.|9|9
Screen_Shot_2023-01-18_at_2.01.16_PM.png|1|1
main.cpp.|9|9
function.|21|18
do.|2|2
you!|11|11
9636608C-A8DA-46A6-84EF-59CED8A49799.jpeg|1|1
delete|6|6
pair|9|7
however|9|9
erase()|1|1
seem|5|5
included|17|17
library,|2|2
summary|10|9
working|22|18
think,|1|1
it's|20|17
summary,|3|3
addresses|1|1
runs|8|7
<|22|13
data.size()? |1|1
saw|5|5
style|8|7
points|5|5
aware|1|1
of,|1|1
Autograder|3|3
100%|2|2
Would|5|5
zero|1|1
undefined?|1|1
tonight,|1|1
complete|3|3
grades|1|1
(i.e.|2|2
including|5|5
tests)|1|1
read|11|11
what's|5|5
spec|15|12
doubles.|1|1
looked|4|4
around|7|7
advice,|2|2
conflicting|1|1
answers..|2|2
assert(abs(x|1|1
y)|1|1
epsilon).|1|1
Even|4|4
scope|2|2
#define|1|1
larger|1|1
const|2|2
case,|4|4
better|3|2
epsilon|1|1
pre-processed|1|1
compilation,|1|1
comparison?|1|1
Will|7|7
down|6|6
#define?Should|1|1
abs()|1|1
fabs()?|1|1
fabs()|1|1
reduce|1|1
ambiguity|1|1
b/c|1|1
double,|4|3
abs().Spec|1|1
0.00001|1|1
precision|1|1
epsilon.|1|1
found|7|7
advice|7|7
far|6|6
more|12|11
precise|1|1
(1e-20,|1|1
aka|1|1
0.00000000000000000001)|1|1
we're|3|3
simple|1|1
statistics|1|1
trig).|1|1
precise?|1|1
program|25|22
Xcode,|2|2
reads|2|2
HCMST_ver_3.04.tsv|4|4
data,|1|1
overflows|1|1
crashes. |1|1
comment|1|1
date|2|2
top|4|4
descriptions|1|1
require|3|3
clauses??.|1|1
 someone|1|1
stdev|14|11
dont|2|2
class|5|5
site|1|1
cant|2|2
specs|4|4
case|21|16
cannot|13|13
checked.|1|1
while|7|7
result|12|11
-14.000000004|1|1
estimated|1|1
equal|10|8
-14.|1|1
similar|6|6
other|30|28
bunch|5|5
trailing|1|1
zeroes|1|1
then|21|19
non-zero|1|1
assertion.|4|4
assert|18|15
pass|15|12
it,|8|8
division|4|3
use?|3|3
Or|9|9
integer|5|4
/|4|4
double|51|24
problem?|4|4
implementation|5|5
percentile()|3|3
btw.|2|2
you.|5|5
Whenever|2|2
fine|8|8
anytime|1|1
attempt|4|4
met|3|3
error:.|3|3
terminate|2|2
called|7|7
throwing|2|2
instance|3|3
'std::invalid_argument' |1|1
what():|1|1
 stodAborted.|1|1
searching|1|1
things|2|2
online|4|4
showed|3|3
stoi|1|1
stod|1|1
confused|26|25
exactly|8|8
main_test_data.tsv,|1|1
fine.|2|2
says:.|1|1
stats.cpp:19:21:|1|1
error:|11|11
invalid|3|3
initialization|2|2
non-const|2|2
reference|7|6
‘std::vector<double>&’|1|1
rvalue|2|2
‘std::vector<double>::iterator’.|1|1
also:.|1|1
stats.cpp:13:6p1_library.h:17:32:|1|1
note:|4|3
passing|7|7
argument|1|1
‘void|1|1
sort(std::vector<double>&)’717|1|1
"|"|5|4
void|6|6
sort(std::vector<double>|1|1
&v);|1|1
wget|1|1
link|7|6
download|6|4
tsv|2|2
format:|1|1
https://eecs280staff.github.io/p1-stats/data/HCMST_ver_3.04.tsv on|1|1
spec.|6|5
click|2|2
web|1|1
page.|1|1
p1-stats|6|5
folder?|1|1
Below|3|3
picture|6|5
page|1|1
looks|4|4
open|6|5
it:.|1|1
noticed|4|4
students|2|2
same|25|24
their|4|3
somehow|3|3
im|3|3
having|20|20
asking|1|1
accounting|1|1
stated|2|2
autograder..|3|3
terminal,|6|6
stats|11|10
match|4|4
.correct|1|1
Pay|1|1
special|1|1
attention|1|1
values..|1|1
Autograder,|2|2
wrong.|3|3
did|16|15
touch|1|1
taking|1|1
screenshots..|2|2
suggestions?|9|9
redirection?|2|2
struggling|5|5
wrap|1|1
head|1|1
concept.|1|1
context,|1|1
cin.|1|1
Somehow|1|1
(but|2|2
apparently|2|2
Autograder!).|1|1
ambiguous.|1|1
including.|1|1
error?.|3|3
Posting|1|1
Privately|1|1
instructors:|1|1
Function|1|1
passes|4|4
failing|10|8
wrote|7|7
negative|17|11
mix.|1|1
supposed|27|20
-5,|1|1
outputs|3|3
-4|1|1
fixing|7|7
decided|1|1
however,|10|9
kept|1|1
saying|15|14
bounds,|3|3
set|14|12
condition|3|3
end|5|5
reaches|1|1
end.|3|3
returning|3|3
statement,|1|1
Then,|2|2
moving|3|3
statement|2|2
starts,|1|1
still,|1|1
difficulty|2|2
understanding|4|3
cause|6|6
since|13|11
looking|5|5
next|2|2
position. |1|1
say|4|4
accompany|1|1
image..|1|1
guidelines|3|3
getting.|1|1
instructor's|1|1
thread|1|1
much.|1|1
you.Screen_Shot_2023-01-17_at_10.06.49_PM.png|1|1
overloade|1|1
return|32|25
alone.|1|1
means|7|7
couldn't|4|4
posts|5|5
determine|2|2
casuing|1|1
graded.|1|1
One|3|3
test's|1|1
calls|2|2
abort|2|1
calculating|2|2
number,|3|2
decimal|7|6
gets|3|3
called?|1|1
main_test.in,|1|1
tried:|1|1
make|33|31
main.exe|6|6
followed|8|7
./main.exe.|2|2
Xcode.|4|4
redirection:|1|1
./main.exe|1|1
main_test.in..|1|1
string|7|4
column_name|4|3
by.|1|1
 vector<double>|2|2
=|57|20
extract_column(filename,|4|4
column_name);.|2|2
fstream?|1|1
currently|11|11
own|11|10
main_test_data.tsv|2|2
within|11|6
compiler|3|3
arises|1|1
main_public_tests|1|1
stats_public_tests.|1|1
doesn't|13|13
allow|2|2
unaware|1|1
arising|1|1
Mclaurin.|1|1
fixed|1|1
logged|1|1
user|2|1
log|1|1
back|5|4
made|6|6
new|12|12
named|1|1
slohan,|1|1
previous|6|5
user,|1|1
includes|1|1
/root$:|1|1
access|7|7
Desktop|1|1
actually|8|8
start|7|7
correctly,|3|3
all.|3|3
errors|14|14
excluding|1|1
wrong|16|15
files,|5|5
build?|1|1
Anyone|4|4
it?.|8|8
exclude|4|3
building|1|1
solutions?.|1|1
If|20|18
grade,|1|1
taken|1|1
account?|1|1
Ubuntu|2|2
matches|4|4
example.|3|3
omitted|1|1
percentile.|6|2
this..|5|5
writing|9|9
stats-test.cpp,|1|1
want|13|11
write|23|20
handled|1|1
correctly(assertion|1|1
functions).|1|1
So|10|10
vector,|9|8
fails?|2|2
assert(!sum(v))|1|1
valid?|1|1
/Users/ethenhuhn/Downloads/starter-files|1|1
2/EECs|1|1
280|1|1
1/p1-stats/stats.cpp:35:14|1|1
Implicit|1|1
conversion|4|3
loses|1|1
precision:|1|1
'std::vector<double>::size_type'|1|1
(aka|3|3
'unsigned|1|1
long')|1|1
'int'|1|1
checks|9|9
points?|2|2
now,|3|3
stay|1|1
way?|2|2
Hi!|3|3
bit|9|9
trouble|9|9
tests.|4|4
definitely|1|1
actual|6|6
correctly|6|6
spend|1|1
time|11|8
real|2|2
problem. .|1|1
"""=="""|1|1
operator|3|3
check|15|15
pairs|13|10
equal? .|1|1
test: .|1|1
you!.|2|2
stats_public_test|2|2
test.|3|3
complies|1|1
vscode|2|2
computer|5|5
keeps|3|3
error. .|3|3
qflag|1|1
main.exe.|1|1
count,|3|3
sum,|3|3
mean,|3|3
stdev,|1|1
median|4|4
lines.|1|1
However|4|4
appears|7|6
once|1|1
starts|2|2
stalls|1|1
(like|2|2
5+|1|1
minutes)|1|1
finally|1|1
outputting|2|2
rest|2|2
analysis,|1|1
leading|1|1
large|4|3
amount|2|2
(this|1|1
isn't|7|7
small|4|4
sets).|1|1
worried|1|1
it?|9|9
syntax|1|1
piazza|7|7
verify|1|1
clear|3|2
confirmed|1|1
answer..|1|1
inclusive,|3|2
P100 part|1|1
equation|3|2
n?|1|1
That|2|2
assuming|4|3
100|5|4
divided|1|1
results|3|3
(p).|1|1
example,|7|7
0.25|1|1
p,|1|1
25th|4|3
(25/100|1|1
0.25)?.|1|1
so,|6|6
multiple|4|4
n-1|1|1
plus|1|1
1,|5|5
second|7|6
(vp)? |1|1
rule|5|5
target|3|3
`stats.exe'.|1|1
" Stop."""|1|1
seen|1|1
lot|2|2
makefile|3|2
directory|2|2
stats.cpp,|6|6
specific|3|3
directory,|1|1
both|11|11
error. |1|1
Im|1|1
cin/freopen|1|1
wont|1|1
enter/allow|1|1
enter|8|4
filename/column|1|1
names|2|2
"""."|1|1
 string|2|1
filename;.|1|1
column_name;.|1|1
"column_name);""."|1|1
opening.|2|2
"""p1_library.h"""|2|2
Hi|13|13
there!|6|6
add|11|9
comments|2|2
solutions?|1|1
Doe|1|1
commenting|2|2
loss|1|1
Much|5|5
appreciated.|10|10
code's|1|1
curly|1|1
braces|1|1
excess|1|1
matter|3|3
fully|1|1
UB|9|8
check,|2|2
check.|2|2
normally|1|1
IDE,|1|1
printing. |1|1
now?.|1|1
why.|4|4
expected|12|11
numbers?|2|2
Because|2|2
terminal.|7|7
automatically|2|2
crash|1|1
be?|1|1
whenever|5|5
test,|5|4
b|1|1
main_test_data.tsv.|7|5
nobody|1|1
problem. |1|1
style?|2|2
summarize()|4|4
mode()|6|5
keeping|1|1
track|1|1
occurring|3|3
purposes.|1|1
approach|4|3
problems|5|5
nested|3|3
loops|2|2
functions.|2|2
give|2|2
idea|9|9
requirement|2|2
"""v"|1|1
"empty"","|1|1
consider|2|2
v|5|5
example:|1|1
(v.size(|1|1
)|6|5
!=|8|6
0)|1|1
{...}. .|1|1
lecture|1|1
slides|1|1
"""The"|1|1
needs|1|1
allowed|8|5
interface's|1|1
REQUIRES|1|1
"clause""."|1|1
question|4|4
@140,|1|1
answer|6|6
confuses|1|1
little|8|6
bit. |1|1
hello,|1|1
posting|1|1
instructors|1|1
here,|2|2
pretty|5|5
please|6|6
let|7|7
immediately.|1|1
Nonetheless,|1|1
work|9|9
numbers,|2|2
very|6|6
confused,|1|1
something?.|1|1
test_percentile_small_data_set()|1|1
{.|36|12
<<|56|9
"""TEST"|1|1
"PERCENTILE"""|1|1
endl;.|21|6
  |8|3
 .|7|3
assert(percentile({15,|1|1
20,|1|1
35,|1|1
40,|1|1
50},|1|1
0.40)|1|1
==|16|8
29);.|1|1
"""0"|1|1
"PASS!"""|9|5
assert(percentile({0,|2|1
3},|2|1
0.0)|1|1
0);.|4|4
"""1"|1|1
1)|4|3
3);.|1|1
"""2"|2|2
assert(percentile({300},|1|1
0.6)|1|1
300);.|1|1
"""3"|1|1
//|5|4
TEST|2|1
CASE|1|1
WITH|1|1
NEGATIVES|1|1
DOESNT|1|1
WORK|1|1
?.|1|1
 //|3|2
THIS|1|1
FAILED.|1|1
assert(percentile({-782,|1|1
-73,|1|1
3,|1|1
20},|1|1
0.60)|1|1
1.8);.|1|1
"""4"|1|1
}|7|6
compile,|1|1
is:.|1|1
process|2|2
'/Users/ethenhuhn/Downloads/starter-files|1|1
3/Makefile'|1|1
'sourcecode.make'|1|1
architecture|3|3
'arm64'.|1|1
like:.|1|1
Undefined|4|4
symbol:|5|5
percentile(std::__1::vector<double,|2|2
std::__1::allocator<double>|5|5
>,|9|3
double)|1|1
columns|2|2
file,|9|9
heap-buffer-overflow|1|1
address|2|2
executes|1|1
commented|4|4
perfectly|1|1
error?|3|3
confirm|1|1
being|11|10
write?|1|1
were|13|13
stats_tests.cpp|12|10
blank,|1|1
penalized?|1|1
Good|1|1
afternoon,.|1|1
grader. .|1|1
VS|6|6
Code,|2|2
coming|2|2
main_test.out|3|3
proceed?.|1|1
floating|2|2
comparisons|1|1
references|1|1
section|3|3
include|14|13
it? |1|1
tried .|1|1
Following|1|1
directions|1|1
changing|5|5
"""program"":"|1|1
"""${workspaceFolder}/stats_tests.exe"",."|1|1
2.|8|7
Looking|2|2
problem.|3|3
percentiles|2|2
25,50,75|1|1
100?|1|1
accepts|1|1
calculates|1|1
that?|3|3
i'm|10|6
confused.|4|4
initialized|1|1
example|10|9
solution|3|3
is.|3|3
gives|12|10
values|18|18
HCMST|1|1
75th|4|3
opposite|1|1
=2..|1|1
be,|2|2
sum|2|2
now. |1|1
errors.|1|1
declared|3|3
defined|3|3
columname|1|1
#include|8|6
shouldn't|1|1
hand|2|2
figure|9|9
right.|1|1
website|2|2
calculator|4|4
list|3|3
value? |1|1
 I'm|1|1
main.|3|3
redirection.|1|1
Xcode .|1|1
Could|6|6
20th|1|1
60th|1|1
data3|1|1
stats_cpp|1|1
75th. .|1|1
Uniqname:|2|2
nabeelsz |1|1
Screenshot_(107).png.|1|1
Screenshot_(108).png.|1|1
"""10:"|1|1
"1"""|1|1
printed.|1|1
advance.|1|1
EDIT:|1|1
figured|3|3
out!|1|1
unsure|9|8
functions?|4|4
updated|2|2
sudden|1|1
several|2|2
popped|2|2
appeared.|1|1
rather|5|2
element|10|9
"""stats.h"""|3|3
3|5|5
implemented|5|4
them|10|10
main().|2|2
definitions|2|2
stats.cpp.|3|3
symbols|3|3
assistance|1|1
unfortunately,|1|1
during|1|1
office|2|2
times.|1|1
help?|3|3
uniquename|1|1
ehuhn|1|1
that's|3|3
helpful.|2|2
figuring|1|1
issues|6|5
especially|2|2
assert.|2|2
below: .|1|1
well.|3|3
functions? .|1|1
mode.|2|2
hi!|1|1
main.cpp|28|23
diff|4|4
line,|5|5
wrong,|2|2
i'd|1|1
appreciate|4|4
that.|3|3
attaching|1|1
screenshot|6|6
below. .|1|1
thanks! .|1|1
Stats|2|2
Private|2|2
Tests|2|2
graded?|2|2
graded?.|1|1
every|10|7
circumstance|1|1
listed|1|1
here(grey)|1|1
full|3|2
credits?|1|1
few|3|3
necessarily|1|1
meeting|2|2
credit?.|1|1
?|4|4
pointers|1|1
100%?.|1|1
Hello!.|2|2
standard|15|9
deviation|10|9
close|1|1
off|4|3
0.1-0.2.|1|1
formula|1|1
wikipedia|1|1
link,|1|1
value.|4|3
under|6|4
"""Add"|2|1
prototypes|2|1
functions|38|31
"here"""|2|1
header|2|2
implementations|4|3
header?|1|1
int|21|11
main(),|2|2
header.|1|1
Hi, .|2|2
Was|1|1
curious|2|2
algorithms|1|1
aren't|1|1
proj1.|1|1
And|9|9
future|2|2
projects?.|1|1
Thanks|4|4
debugger|19|14
step|3|3
failing,|1|1
variable|9|8
lefthand|1|1
side|1|1
constantly|1|1
loads|1|1
variables|5|4
resetting|1|1
computer,|2|2
nothing|4|4
helped|1|1
load.|1|1
talking|1|1
about..|1|1
solve|3|3
help?.|2|2
Also,|8|8
rounding|4|4
errors?.|2|2
Screen_Shot_2023-01-16_at_5.23.37_PM.png.|1|1
Screen_Shot_2023-01-16_at_5.27.53_PM.png.|1|1
segmentation|3|3
function. .|2|2
except|4|4
checks.|2|2
respectively. .|1|1
coding|3|3
Hello,|5|5
push_back|2|2
vector<pair<>>|2|1
variable,|1|1
std|1|1
std::make_pair,|1|1
lets|1|1
push|2|2
longer|1|1
allowing|1|1
issues.|1|1
further|2|2
make_pair,|1|1
make_pair|1|1
myVec[0][0]|1|1
look|8|8
make_pair?|1|1
value,|3|3
example,{1,1,1,1}.|1|1
turn|1|1
nan|1|1
0..|1|1
ok?|2|2
not,|3|3
I’ve|1|1
topic,|1|1
one,|3|3
later|3|3
semester|1|1
expose|1|1
hidden|1|1
bugs.|1|1
frowned|1|1
upon|1|1
 on|1|1
replit|1|1
easier|2|2
change|6|6
there,|1|1
putting|3|3
x|1|1
moment|1|1
don’t|2|2
lacking|1|1
here?|1|1
checked|2|2
whitespace|1|1
same.|1|1
Everything|2|2
either..|1|1
(other|1|1
part).|1|1
again|3|3
terminal:|2|2
Segmentation|1|1
fault:|1|1
11|1|1
corresponds|1|1
changed|6|6
outputted.|1|1
you!!|1|1
basically|1|1
count()|2|2
sum()|2|1
assert(sum(data)|1|1
n),|1|1
replaced|1|1
count(). .|1|1
asserts|1|1
"""nan""."|1|1
stats_tests.cpp.|6|6
ok|3|3
started|2|2
message: .|1|1
Let|2|2
know!|1|1
l|1|1
execute|3|3
launch.json |1|1
detected|2|2
uploaded|1|1
built-in|1|1
C++|2|2
simpler|1|1
min,|1|1
max,|2|2
(the|5|5
instructors)|1|1
prefer|1|1
loops?|1|1
linker|3|3
(int|2|2
0;|6|5
v.size();|5|5
++i)|4|4
size_t|3|2
different.|2|2
ask|5|5
whether|5|4
v.size()|4|4
not.|2|2
successfully. |1|1
individual|2|2
three|1|1
median,|2|2
test_median|1|1
separate|5|5
size|6|5
like?|1|1
say's|1|1
"""build"|1|1
"succeeded"","|1|1
comes|4|4
good?|2|2
stats.cpp. |1|1
"""Hello"|3|3
"World"""|3|3
"""out-of-bound"""|1|1
realized|1|1
wonder|3|3
wasn't|4|4
assert(|1|1
cases.|3|3
percentile,|3|3
passed.|2|2
There|1|1
warning|4|3
returns. |1|1
data2|1|1
follow|2|2
well. .|1|1
uniqname:|2|2
nabeelsz|1|1
permission|2|2
denied.|2|2
topics|1|1
none|1|1
macOS|2|2
dark|1|1
~ominous~|1|1
message|16|16
debugging|4|4
simply|5|5
shuts|1|1
freezes|1|1
Anybody|2|2
means,|2|2
return. .|1|1
Am|2|2
meant|2|2
doubles|4|4
(vector<vector<double>>),|1|1
frequencies,|1|1
store|2|2
(vector<pair<double,|1|1
int>>)..|1|1
Main|1|1
pairs, |1|1
access,|1|1
returned|7|4
summarize. |1|1
stats_tests|3|2
quality|1|1
pass?|1|1
hope|1|1
makes|2|2
sense..|1|1
debugged|1|1
on,|1|1
v.size(),|1|1
told|3|3
5|6|2
(based|1|1
values),|1|1
went|2|2
true.|1|1
Error:|1|1
build:|4|2
Build|1|1
found:|1|1
'......'|1|1
forget|1|1
declare|3|3
script|1|1
phase|1|1
custom|1|1
build|6|6
produces|1|1
hard|3|3
Based|3|3
well? |1|1
mean(|1|1
failed. I|1|1
mean(data1)|1|1
1.65.|1|1
assert(mean(data1)|1|1
1.65)|1|1
failed. .|1|1
addition,|1|1
(for|1|1
example)|1|1
assert(mean(data2)|1|1
7/3)|1|1
fraction.|1|1
choose|1|1
fraction|1|1
places|2|2
use. .|1|1
error:Then|1|1
.first|2|2
.second|1|1
requirement.|1|1
Here|10|7
assert..|1|1
mode(vector<double>|2|2
v)|7|7
vector<double>|10|9
v;.|1|1
assert(v.empty==false);.|1|1
mode;.|2|1
highest_frequency=0;.|1|1
(size_t|4|4
i=0;i<v.size();i++).|1|1
count=1;.|1|1
current_value=v[i];.|1|1
(;v[i]==v[i+1];i++).|1|1
count++;.|1|1
if(count>highest_frequency).|1|1
highest_frequency=count;.|1|1
mode=current_value;.|1|1
bmahesri.|1|1
producing|1|1
overflow|2|2
212|1|1
stats.cpp..|1|1
Excel|1|1
possible|7|7
checked,|1|1
knowing|1|1
what/how|1|1
value-frequency|1|1
mixed|1|1
up.|4|4
hint|1|1
snippet|1|1
print?.|1|1
specifically|1|1
"""vp["""|1|1
"<<""]"|1|1
doing.|2|2
happens|3|3
message:.|3|3
points,|1|1
downloading|2|2
spec,|1|1
examples|3|3
downloaded.|1|1
why?|1|1
certain|4|3
library|4|4
define|1|1
pairs?|2|2
allowed.|1|1
gettting|1|1
'the|1|1
midebuggerpath|1|1
invalid'|1|1
succesful|1|1
deleting|1|1
'MIMODE'|1|1
message.|5|5
advice?|1|1
there,.|1|1
inputs.|1|1
I'll|2|2
About|1|1
1/2|1|1
times|6|5
inf|1|1
possibly|1|1
correct. .|1|1
{-1,|1|1
1}|1|1
gotten|1|1
1.41421|2|2
(expected|1|1
value),|1|1
inf,|1|1
1.15792e+77..|1|1
Thanks!|9|9
endl|2|2
stats.cpp?.|1|1
Currently,|1|1
completely|1|1
exe|1|1
noted|1|1
pointed|1|1
28)|1|1
indexes|1|1
bounds..|2|2
limit|1|1
counting|2|2
far,|1|1
generally|1|1
stepping|1|1
I'd|3|3
pointers!.|1|1
Screen_Shot_2023-01-15_at_3.04.18_PM.pngScreen_Shot_2023-01-15_at_3.05.07_PM.png|1|1
out,|1|1
function? |2|2
extract_column.|1|1
haven't|5|5
extract_column|2|2
"main_test_data.tsv"""|1|1
visual|5|4
studio..|1|1
debugger,|2|2
update|2|2
strings,|1|1
p1_library.cpp.|1|1
why,|1|1
On|3|3
Visual|5|4
Studio|3|2
(main.cpp|1|1
stats_public_test.cpp|4|4
excluded)|1|1
system|1|1
"""p1-stats.exe""."|1|1
excluded|1|1
debugger.|4|4
$|5|3
stats_tests.exe|4|4
./stats_tests.exe.|1|1
range|1|1
0-1,|1|1
smaller|1|1
1?|4|4
creating|2|2
created|5|4
this:.|5|4
for(int|6|5
4;|1|1
i++){.|1|1
data.push_back((i|2|1
+|7|5
*|6|3
2.2);.|1|1
1.1);.|1|1
produce|1|1
output: .|2|2
//outputs|1|1
1.1,|1|1
2.2,|2|1
3.3,|3|2
4.4,|3|2
6.6,|1|1
8.8,.|1|1
case.|2|2
printed|2|2
matched,|1|1
did..|1|1
manually|2|2
exact|1|1
data.push_back(1.1);.|1|1
data.push_back(2.2);.|2|1
data.push_back(3.3);.|1|1
data.push_back(4.4);.|2|1
data.push_back(6.6);.|1|1
data.push_back(8.8);.|1|1
adding|1|1
work?|2|2
seeing|2|2
c++|7|7
understand?.|1|1
do,|1|1
description|1|1
specs .|1|1
pair?|1|1
structure|1|1
regular|1|1
type,.|1|1
typed|1|1
up:.|1|1
***|5|4
No|3|3
`main.exe'. |1|1
Stop.|1|1
"""hello"|2|2
"world""."|1|1
pwd,|1|1
ls,|1|1
ls|2|2
p1-stats,|1|1
"""no"|2|2
such|8|8
"directory.""."|1|1
stats_test.cpp|1|1
until|2|2
either|3|3
original|2|2
version|1|1
stats.exe|1|1
turns|2|2
main.exe,|2|2
'main.cpp',|1|1
needed|2|2
'main.exe'.|1|1
Stop..|1|1
Piazza|1|1
instructor|1|1
responded|1|1
yet.|1|1
"world."""|1|1
tips|5|5
summarize,|3|3
7|4|3
10|2|2
(6).|1|1
accessing|3|3
calculation|2|2
correct.|2|2
before?.|1|1
6,7,8,9,10|1|1
deviation.|3|3
"""program"""|1|1
"""cwd"". ."|1|1
pass;|1|1
sometimes|2|1
chance.|1|1
behavior.|1|1
rewrote|1|1
beginning|2|2
74,|1|1
Screen_Shot_2023-01-14_at_7.36.39_PM.png|1|1
"""make:"|2|1
Warning:|1|1
File|1|1
'stats_tests.cpp'|1|1
modification|1|1
439|1|1
s|1|1
"future"""|1|1
warning:|1|1
 Clock|1|1
skew|1|1
detected.|1|1
 Your|1|1
"incomplete."""|1|1
date,|1|1
believes|1|1
minutes|1|1
prior|2|2
length|2|2
50th|1|1
{15}|1|1
15?.|1|1
0th|1|1
always|6|5
sorted|3|2
say..|1|1
(I|1|1
cmath)|1|1
parameters|1|1
wrong?.|2|2
format|3|3
in?|2|1
formats|1|1
cases,|3|3
immediately|1|1
rounded|1|1
truncated-|1|1
tell.|1|1
four.|1|1
you! .|1|1
4.4|1|1
becoming|1|1
4|1|1
Screen_Shot_2023-01-14_at_6.00.24_PM.pngScreen_Shot_2023-01-14_at_6.00.35_PM.png|1|1
difference?.|1|1
Both|1|1
NOT|1|1
41.5???|1|1
that,|2|2
statement?|2|1
brackets|1|1
comma|1|1
separated|1|1
pairs,|1|1
equals|1|1
signs|1|1
scored.|1|1
As|2|2
blue|1|1
(no|1|1
orange|2|2
partials). |1|1
stats_tests.cpp?|2|1
Like|1|1
rely|1|1
staff|1|1
exploit|1|1
mutations|1|1
xcode|3|3
aborting|2|2
debug.|1|1
difference.|2|2
line. .|1|1
letting|1|1
pick|2|1
largest|3|3
counter|8|2
associated|3|1
counters|1|1
smallest|2|2
it. |1|1
(UB|4|3
checks)|2|1
error).|1|1
test?.|1|1
Edit:|2|2
out.|4|4
stuck|2|2
v[v.size()]|1|1
multiplied|1|1
caught|1|1
normal|3|3
Hi,.|4|4
errors,|2|2
desired|1|1
results.|1|1
states|1|1
confusing|2|2
now..|1|1
happening?|1|1
(because|1|1
Code)|1|1
exclusion|1|1
instructions.|2|2
stats_tests.cpp,|6|6
fine,|1|1
combination|1|1
stats_public_tests.cpp|2|2
shown|3|3
below.|4|4
empty,|2|2
indicate|1|1
0?|1|1
stats.h|9|7
indicates|1|1
requires|3|3
nonempty|1|1
outputs,|1|1
assume|5|4
soon|1|1
recognized|2|2
empty.|2|2
weird|3|3
input/output|3|2
program.|2|2
talked|1|1
couple|1|1
IA's|1|1
already |1|1
consensus|1|1
seemed|1|1
worry|2|2
too|2|2
much|3|3
it....|1|1
hypothesized|1|1
minuscule|1|1
white-space|1|1
transferred|1|1
therefore|2|2
slightly|2|2
suggestions|3|3
line.|1|1
reference,|2|2
working,|1|1
copy|3|3
paste|3|3
checker|1|1
Just|1|1
sort|12|10
Someone|1|1
unit|1|1
project.|3|3
true?|1|1
stats.cpp. .|1|1
Sorry|1|1
unclear|1|1
prepared|1|1
submit,|2|2
stored.|1|1
path|2|2
vs|1|1
wslview,|1|1
exist.|1|1
Xcode|2|2
"""allocator_traits"""|1|1
"""vector"""|1|1
Some|1|1
'pointer'|1|1
protected|2|1
'std::__vector_base<double,|2|1
"int>'"","|2|1
""""|11|5
'reference'|1|1
Type|1|1
'std::allocator_traits<int>::allocator_type'|1|1
'int')|1|1
'::'|1|1
"members"""|1|1
more. |1|1
stats_tests,|1|1
cpp..|1|1
image. .|1|1
dot|2|1
operators|1|1
.second,|1|1
pops|6|4
work?.|1|1
Screen_Shot_2023-01-13_at_10.21.22_PM.png|1|1
sort()|4|3
succeeded.|1|1
main_test.out.correct|2|2
create|6|6
individually|1|1
them? |1|1
There's|1|1
33|1|1
says.|1|1
namespace|2|2
std;.|1|1
<double>|1|1
v={1.0,2.0,2.0,3.0,2.0,2.0,2.0,3.0,4.0,5.0,5.0,5.0,5.0,5.0,5.0,6.0,7.0}; |1|1
//sample|1|1
sort(v); |1|1
//sort|1|1
i=0;i<v.size();i++) |1|1
//for|1|1
list.|1|1
counter=0; |1|1
variable.|2|1
x=v[i]; |1|1
assigned|1|1
repeated.|1|1
(;v[i]==v[i+1];v[i]++) |1|1
consecutive|1|1
identical|2|2
numbers.|1|1
++;.|1|1
cout<<x<<endl;.|1|1
repeated|3|2
2.0|1|1
:|1|1
repetitions|2|1
outputted|2|2
evaluating|1|1
missing..|1|1
Another|1|1
displayed.|1|1
Right|2|2
increment|1|1
stays|1|1
saying.|1|1
libc++abi:|2|2
terminating|2|2
uncaught|2|2
exception|2|2
std::out_of_range:|2|2
anywhere|1|1
else?|1|1
max|1|1
code?Screen_Shot_2023-01-13_at_9.13.17_PM.png|1|1
hit|2|1
green|2|2
play|2|2
button|2|2
directory.|1|1
Screen_Shot_2023-01-13_at_6.36.43_PM.png.|1|1
Screen_Shot_2023-01-13_at_6.41.33_PM.png|1|1
ideas? |1|1
edited|3|3
environment|1|1
title|1|1
turned|1|1
red|1|1
unsaved.|1|1
resolve|5|4
this.|3|3
there!.|3|3
Although|1|1
took|2|2
instructors,|1|1
exits.|1|1
auto-grader?|1|1
there?|1|1
cpp|5|5
files..|1|1
percentile(vector<double>|2|2
v,|3|3
p)|2|2
assert(count(v)|6|6
&&|4|2
>=|3|3
<=|2|2
1);.|3|2
(p|2|2
1).|1|1
calculatedRank|2|2
(count(v)|3|3
1;.|2|2
fractpart|6|2
0;.|7|4
intpart|2|2
modf(calculatedRank,|1|1
&intpart);.|2|2
v[intpart-1]|1|1
(v[intpart]|1|1
v[intpart-1]);.|1|1
v[v.size()-1];.|1|1
Sometimes|2|2
works.|1|1
Office|1|1
suggested|1|1
corrupted|1|1
redownloading|1|1
happening.|2|2
fault?|1|1
try..|1|1
Update:|1|1
change:|1|1
initialize|2|2
iteration|1|1
appreciated!.|2|2
pgrah.|1|1
received|8|8
nine|2|1
hours,|1|1
happen.|1|1
They|2|2
advised|1|1
instructors.|1|1
HelloI|1|1
scored|1|1
9|4|2
testing,|1|1
good|1|1
correct,|1|1
identically|1|1
side.|1|1
yields|1|1
incorrect,|1|1
Checks). |1|1
failed.|5|5
ed|1|1
stdev(data)|1|1
was,|1|1
failing. .|1|1
.json|3|1
Up|1|1
instructions|1|1
expected.|1|1
pasted|2|2
tutorial)|1|1
file:.|1|1
"""setupCommands"":"|2|1
[.|1|1
"""text"":"|2|1
"""settings"|1|1
target.input-path|1|1
"main_test.in""."|1|1
].|1|1
GDB/LLDB|1|1
commands|3|3
underlying|1|1
Example:|1|1
[|1|1
"""-enable-pretty-printing"","|1|1
"""description"":"|1|1
"""Enable"|1|1
GDB|2|2
"printing"","|1|1
"""ignoreFailures"":"|1|1
true|2|2
}]..|1|1
incorporating|1|1
comparison|3|2
described|1|1
material.|1|1
main()|5|3
stats_test.cpp??|1|1
explain|2|2
incorrect|2|2
compiling|4|4
happened..|1|1
debug,|2|2
console,|1|1
actual3|1|1
expected3|1|1
same..|1|1
handgraded|1|1
projects|1|1
course|2|2
EECS|5|5
183)?|1|1
(even|2|2
vector),|1|1
odd|1|1
passes.|1|1
this? |1|1
difficulty.|1|1
frequency()|1|1
easier..|1|1
okay|2|2
allowed?.|1|1
autograder;|1|1
out-of-bounds|1|1
beyond|1|1
-1. .|1|1
below:.|1|1
guidance|3|3
appreciated!|2|2
much!.|1|1
stats.cpp:|1|1
‘std::vector|2|2
>|37|8
summarize(std::vector)’:.|1|1
stats.cpp:14:17:|1|1
‘std::vector&’|1|1
‘std::vector::iterator’.|1|1
14|1|1
sort(v.begin(),|1|1
v.end());.|1|1
~~~~~~~^~|1|1
rejecting|1|1
submissions?|1|1
UID|1|1
spec. |1|1
pairs.|7|5
pushback|1|1
error..|2|2
"""std::__1::vector<std::__1::vector<double,"|2|2
int>,|2|2
std::__1::allocator<std::__1::vector<double,|2|2
"int>>>"""|2|2
"""pushback""C/C++(135)."|1|1
show|1|1
tutorial?.|1|1
sorry|1|1
kind|2|2
rusty|1|1
remember|3|3
semester.|1|1
implementing|8|7
min|1|1
ascending|1|1
order?|1|1
there.|1|1
generating|1|1
properly|2|1
"""main_test.out"""|1|1
,|4|4
"""main"|1|1
"check""."|1|1
code: .|1|1
suitable|1|1
user-defined|1|1
std::__1::allocator<double>>,|1|1
"std::__1::allocator<double>>>>"""|1|1
"""std::__1::vector<std::__1::pair<double,"|1|1
std::__1::allocator<std::__1::pair<double,|1|1
exists.|1|1
Not|2|2
here.|4|4
direction|1|1
mean/how|1|1
myself,|1|1
Autograder.|2|2
according|3|3
internet|1|1
terminal: .|1|1
-type|1|1
f|1|1
xargs|1|1
-n|1|1
touch$|1|1
clean$|1|1
make.|1|1
extensions|1|1
installed|1|1
everything.|1|1
tested|6|6
6.|5|5
whole|4|3
spec..|1|1
Example:.|1|1
ideally|1|1
{6,|1|1
7,|1|1
8,|1|1
9,|1|1
10}.|1|1
6|1|1
falls|5|1
0.2|2|1
0.4|2|1
0.6|2|1
0.8|2|1
Its|1|1
important|2|2
note|1|1
ranges|1|1
depend|1|1
frequency,|1|1
spouse|1|1
partner|1|1
example..|1|1
sense|2|1
called,|1|1
decimal.|1|1
goes|1|1
decimal..|1|1
above|7|7
expected;|1|1
occur|1|1
"""range""."|1|1
this: .|2|2
works. |1|1
viable|2|1
'vector<std::pair<double,|1|1
int>>'|1|1
'vector<vector<double>> .|1|1
achieving|1|1
vectors.|1|1
'No|1|1
'summarize'|1|1
"""stats.h"","|2|2
wrong. |1|1
summarize(data)|2|2
pairs..|1|1
tester|1|1
jumping|1|1
sets|1|1
0.|1|1
executed|1|1
fails.|2|2
everyone.|1|1
completed|1|1
managed|2|2
Besides|1|1
element,|1|1
consider?|1|1
runs,|1|1
unless|1|1
"""stats.cpp"""|2|1
contains|4|4
definitions..|1|1
stats.h?|1|1
(with|1|1
stats.h)..|1|1
Thanks!.|2|2
mode?.|1|1
locally|2|2
helpful|3|3
occurring.|1|1
identifying|1|1
it..|2|2
Error|4|4
projects,|1|1
presence|1|1
code?|4|4
neatness|1|1
readability|1|1
others|1|1
road?|1|1
Thanks. |1|1
Applications/Xcode.app/Contents/Developer/Platforms/MacOSX.platform/Developer/SDKs/MacOSX13.1.sdk/usr/include/c++/v1/vector:1572:12:|1|1
runtime|1|1
addition|2|2
unsigned|1|1
offset|1|1
0x600000c08000|1|1
overflowed|1|1
0x600000c07ff8.|1|1
SUMMARY:|1|1
UndefinedBehaviorSanitizer:|1|1
undefined-behavior|1|1
/Applications/Xcode.app/Contents/Developer/Platforms/MacOSX.platform/Developer/SDKs/MacOSX13.1.sdk/usr/include/c++/v1/vector:1572:12|1|1
want,|1|1
well..|1|1
josech|1|1
development|1|1
process,|1|1
autograder?|4|4
compiled|2|2
highlighted|1|1
timed|1|1
rework|1|1
tests?.|1|1
Screen_Shot_2023-01-11_at_10.48.00_PM.png|1|1
(2.5,|1|1
4.3,|1|1
3.1).|1|1
follows:.|1|1
assert(mean(v)|2|1
3.3).|1|1
(9.9/3)).|1|1
guessing|1|1
static_cast|1|1
issue.|4|4
-nan(ind).|1|1
Possibly|1|1
fresh|1|1
eyes|1|1
me.|1|1
you!!!.|1|1
stdev(vector<double>|2|2
{double|1|1
tempmean|1|1
mean(v);for|1|1
++i){double|1|1
val|1|1
v[i]|2|2
tempmean;v[i]|1|1
pow(val,2);}const|1|1
total|2|1
sum(v);const|1|1
variance|1|1
-1);return|1|1
sqrt(variance);}|1|1
test_summarize1(){.|1|1
"""test_summarize1""<<"|1|1
data=|1|1
{1,1,1,1};.|1|1
cout<<|1|1
error: .|2|2
**Invalid|1|1
operands|1|1
binary|1|1
expression|1|1
('std::ostream'|1|1
'basic_ostream<char>')|1|1
'std::vector<std::pair<double,|1|1
int>>')|1|1
**|1|1
First,|1|1
yes|1|1
libraries|2|2
up..|1|1
sort(std::__1::vector<double,|2|2
>&).|1|1
idea?|1|1
submit?.|1|1
specification|1|1
studio|4|3
reverse|1|1
advance!.|2|2
Screen_Shot_2023-01-11_at_6.51.36_PM.png.|1|1
signifying?|1|1
given,|1|1
B|4|3
purpose|2|2
At|2|2
page,|1|1
stubs|3|2
assertions|1|1
stubs?|1|1
Referencing|1|1
data/numerics|1|1
commented?|1|1
terms|2|2
etc. |1|1
everythign|1|1
needes|1|1
printed?|1|1
messages.|1|1
ouput|1|1
dataset|2|2
(or|3|3
x)?|1|1
accepted,|1|1
Untitled.png|1|1
step.|1|1
aborted.|1|1
asked|2|2
LI|1|1
she|1|1
written.|1|1
stopped|1|1
command,|1|1
entirely|2|2
students. |1|1
traversing|1|1
directories|1|1
system |1|1
(I'm|1|1
Linux).|1|1
folder|2|1
Studio.|1|1
titled|1|1
get.|1|1
Screenshot_2023-01-11_at_12.27.11_PM.png.|1|1
Screenshot_2023-01-11_at_12.28.34_PM.png.|1|1
below,|1|1
"""i"""|1|1
loop.|1|1
program,|2|2
declaration|7|5
filled|4|4
values?|1|1
cases?|1|1
that. .|1|1
Here's|5|3
far: .|1|1
Made|1|1
compile.|4|4
Created|2|1
3.|1|1
stats.test.cpp|1|1
stats_public_tests.exe|1|1
stats_tests.exe.|1|1
touched|1|1
json|3|3
main.exe).|1|1
function:|1|1
assert(summarize(v0)[0].first|1|1
=1);.|1|1
Autograder?.|1|1
S.|1|1
cwd|1|1
work..|1|1
now.|1|1
below|3|3
reason..|1|1
manage|1|1
v.begin().|1|1
one-to-one.|1|1
receiving|1|1
know.|2|2
you..|2|2
me:.|2|2
meant,|1|1
assert(false)|2|2
stats_public_test.exe:|1|1
stats.cpp:88:|1|1
mode(std::vector<double>):|1|1
Assertion|4|4
`false'|1|1
(as|1|1
0),|1|1
happens.|1|1
(listed|1|1
"""problems"""|2|1
debugger),|1|1
root|1|1
suggests|1|1
includePath|1|1
editing|2|2
images,|1|1
screen|1|1
currently.|1|1
ideas|3|3
appreaciated!|1|1
includePath.JPG .|1|1
p1errors.JPG|1|1
functions,|1|1
places,|1|1
both.|1|1
mentioned,|1|1
mentioned|2|2
Hello, .|1|1
. .|1|1
Screen_Shot_2023-01-10_at_6.00.49_PM.png|1|1
information:.|1|1
filename.|2|2
name.|3|3
B.|1|1
Program|1|1
ended|1|1
exit|4|4
code:|1|1
main_test_data|1|1
into,|1|1
open.|1|1
23|3|3
represent.|1|1
wrong..|2|2
statement.|1|1
v={1,1,1,2,3,4,4}|1|1
{1:1,|1|1
2:1,|1|1
3:1,|1|1
4:1}..|1|1
vector<pair<double,|8|4
int>|7|3
summarize(vector<double>|3|3
summary;.|2|1
sort(v);.|4|4
//go|2|1
i=0;|2|2
i<v.size();|3|3
++i){.|1|1
if(i==0){.|1|1
//push|2|1
summary.push_back(make_pair(v.at(i),1));.|2|1
//if|3|1
if(v.at(i)!=v.at(i-1)){.|1|1
else{.|1|1
summary.|1|1
j=0;|1|1
i<summary.size();|1|1
++j){.|1|1
summary[j].|1|1
if(v.at(i)==summary.at(j).first){.|1|1
//add|1|1
number.|1|1
summary.at(j).second+=1;.|1|1
cout<<summary.at(j).second<<endl;.|1|1
try,|1|1
rid|1|1
Google|1|1
professor|1|1
lecture.|1|1
review|1|1
tutorials|3|3
(https://eecs280staff.github.io/p1-stats/comparisons.html)|1|1
result.|2|2
""">>"""|1|1
operands.|1|1
notice|3|3
above,|1|1
bold|1|1
underlined|1|1
>>|5|1
part..|1|1
filename; |2|1
column_name; |1|1
"""enter"|2|1
"filename"""|1|1
endl; |4|1
"name"""|1|1
"""reading"|1|1
main_test.out.correct,|1|1
results:.|1|1
1,2c1,6.|1|1
filenameenter|1|1
namereading|1|1
main_test_data.tsvSummary|1|1
(value:|2|1
frequency).|2|1
7:|2|1
---.|2|1
Summary|1|1
6:|1|1
5a10.|1|1
> .|1|1
11c16.|1|1
7.|1|1
answers|1|1
differences|1|1
version?|2|2
sort,|1|1
"""p1_library.h"","|1|1
checking|1|1
pass,|1|1
corresponding|2|2
Sx|1|1
calculator?.|1|1
lot!|1|1
helper|1|1
stats_tests.cpp:.|2|2
"""here"|6|2
value:|6|2
abs(percent1-1)|2|2
assert(abs(percent1-1)|2|2
epsilon);.|6|2
		....|1|1
"""test_percentile:"|2|2
question,|1|1
renamed|1|1
Camel|1|1
Case|1|1
underscores|1|1
word?|1|1
percentile?.|1|1
RMEs|1|1
formulas|1|1
vp|1|1
vk|1|1
d(vk+1|1|1
vk)|1|1
well?|1|1
function:.|5|3
modf(calculatedRank|1|1
v.at(intpart)|1|1
(v.at(intpart+1)|1|1
v.at(intpart));.|1|1
percentile-related|1|1
test_percentile()|1|1
"""test_percentile"""|1|1
data;.|3|3
data.push_back(3);.|3|3
data.push_back(2);.|3|3
data.push_back(1);.|3|3
percent1|1|1
percentile(data,|5|1
0.0);.|1|1
percent2|1|1
0.25);.|2|2
percent3|1|1
0.5);.|1|1
percent4|1|1
0.75);.|1|1
percent5|1|1
1.0);.|1|1
assert(abs(percent2-1.5)|1|1
abs(percent2-1)|1|1
assert(abs(percent3-2)|1|1
abs(percent3-1)|1|1
assert(abs(percent4-2.5)|1|1
abs(percent4-1)|1|1
assert(abs(percent5-3)|1|1
abs(percent5-1)|1|1
suggestions?.|1|1
stats_public_test.exe.|2|1
-Wall|2|2
-Werror|2|2
-pedantic|2|2
-g|2|2
--std=c++11|2|2
-Wno-sign-compare|2|2
-Wno-comment|2|2
p1_library.cpp|2|2
-o|2|2
stats.cpp:40:23:|1|1
arrays|1|1
C99|1|1
feature|1|1
[-Werror,-Wvla-extension].|1|1
numberList[v.size()];.|2|1
^~~~~~~~.|1|1
stats.cpp:40:25:|1|1
non-constexpr|1|1
'size'|1|1
constant|3|2
expression.|3|3
^.|2|1
/Applications/Xcode.app/Contents/Developer/Platforms/MacOSX.platform/Developer/SDKs/MacOSX.sdk/usr/include/c++/v1/vector:679:15:|1|1
size_type|1|1
size()|1|1
_NOEXCEPT.|1|1
generated..|1|1
make:|2|2
[stats_public_test.exe]|1|1
helps,|1|1
Code|2|2
engr|1|1
101,|1|1
taught|2|2
types.|1|1
counts|1|1
type?|1|1
p1,|1|1
big|1|1
enough|1|1
 Getting|1|1
Execute|1|1
"""-exec"|2|1
"<command>"","|1|1
"registers"""|1|1
registers|1|1
(when|1|1
"debugger)"""|1|1
Screen_Shot_2023-01-09_at_1.36.01_PM.png.|1|1
Screen_Shot_2023-01-09_at_1.36.22_PM.png|1|1
what?|1|1
regression|1|1
staff)|1|1
main.cpp?|1|1
sources.|1|1
four|1|1
sources|1|1
IDE.|1|1
used/needed|1|1
for.|2|2
everyone|1|1
welcome|1|1
280!.|1|1
Staff|1|1
hosting|1|1
a P1|1|1
Overview|1|1
Session|1|1
Zoom|1|1
Tuesday|1|1
1/10|1|1
8-9PM|1|1
EST.|1|1
We'll|1|1
basic|2|2
components|1|1
project,|1|1
general|1|1
started.|1|1
Time|1|1
permitting,|1|1
we'll|1|1
Q&A|1|1
session|1|1
recorded|1|1
posted|2|2
eecs280.org,|1|1
you'll|1|1
rewatch|1|1
you're|1|1
Zoom:|1|1
https://umich.zoom.us/my/clsun.|1|1
Slides:|1|1
https://docs.google.com/presentation/d/1DPLp5I3dFvLhhUeUwQH1MlQBSq4f-w8ppUJgxZyQSYY/edit#slide=id.p.|1|1
Recording:|1|1
https://umich.zoom.us/rec/share/Fge-8V0gwnOLLsm-51nddcH-lZtqioxTP6F-Nv9bFBFgTcGtlwxB-Pr0hUgQRy62.isesM6wXYDc6XrUL.|1|1
Hope|1|1
(\/)|1|1
(°,,,,°)|1|1
(\/).|1|1
EDIT|1|1
unpin|1|1
considered|1|1
too.|1|1
possibilities|1|1
happening?.|1|1
(It's|1|1
stub|1|1
spec.).|1|1
Where|2|2
suppose|1|1
at? |1|1
progress|1|1
maybe|3|2
distinct|4|2
appears.|1|1
this,|4|4
transferring|1|1
pairs....|1|1
thinking|3|2
insert|5|3
Overall|1|1
funciton.|1|1
forgot|1|1
lol.|1|1
help.|1|1
semesters|1|1
ago|1|1
great|1|1
worried.|1|1
message,|3|3
onto|1|1
 I've|1|1
most|3|3
likely|1|1
finish|2|2
finished..|1|1
implement! |1|1
eventual|1|1
main.cpp? .|1|1
plan|1|1
hinted|1|1
RMEs).|1|1
involves|1|1
ages?|1|1
numbers?.|1|1
Somethign|1|1
{-1,-2,-3,-4,-5}?|1|1
mutation|1|1
aside|1|1
run?|1|1
come|2|2
random|1|1
&|1|1
included?|1|1
Sorry,|1|1
...|2|1
'std::bad_alloc'|1|1
thrown.|1|1
piazza?|1|1
xcode:|1|1
>&). .|1|1
'using|1|1
std'|1|1
vector. .|1|1
try? |1|1
"""clang:"|1|1
(use|2|2
-v|2|2
"invocation)"" when"|1|1
P1|1|1
Code..|1|1
tried:.|1|1
 make|1|1
stats_public_test.exe./stats_public_test.exe.|1|1
saving|1|1
making|1|1
beforehand..|1|1
possible.|2|2
inside|2|2
2);.|2|1
meanVal|1|1
mean(v);.|1|1
sumVal|2|1
+=|1|1
pow((v.at(i)-meanVal),|1|1
sqrt(sumVal|1|1
(count(v)-1));.|1|1
test_stdev|1|1
test_stdev()|1|1
"""test_stdev"""|1|1
stdevVal|1|1
stdev(data);.|1|1
assert(stdevVal|1|1
0.81649);.|1|1
"""test_stdev:"|1|1
failure|1|1
failed:|2|2
(stdevVal|1|1
0.81649),|1|1
test_stdev,|1|1
presume|2|2
sure.|1|1
can't; .|1|1
apologies|1|1
stackexchange|1|1
(different)|1|1
technical|1|1
paygrade|1|1
construct|3|3
  .|3|3
tempNum|7|4
v[1];.|3|2
numVector;.|2|2
vector<int>|2|2
occurenceVector;.|2|2
numVector.push_back(tempNum);.|4|2
occurenceVector.push_back(1);.|4|2
for(size_t|2|2
1;|1|1
i++)|4|2
if(tempNum|2|2
v[i])|2|2
occurenceVector[occurenceVector.size()-1]++;.|1|1
v[i];.|2|2
vp;.|4|2
numVector.size();|2|2
vp.push_back(|2|2
make_pair(|2|2
numVector[i],|2|2
occurenceVector[i]|2|2
);.|2|2
test_summary()|1|1
"""test_summary"""|1|1
data.push_back(4);.|1|1
summarize(data);.|1|1
assert(summary.size()|1|1
4);.|1|1
"""test_summary:"|1|1
clues|1|1
week's|1|1
lecture,|1|1
against|1|1
buggy|1|1
Autograder?|1|1
maxCount|2|1
tempCount|2|1
modeNum|3|2
i=1;|1|1
if(tempCount|1|1
maxCount)|1|1
tempNum;.|2|2
tempCount;.|1|1
tempCount++;.|1|1
modeNum;.|1|1
unfamiliar|1|1
null|2|2
initialization.|1|1
calculated|2|2
appears,|1|1
file..|1|1
infinity?|2|1
"""inf"""|1|1
apart.|1|1
reuse|1|1
testing? |1|1
if(!tempNum)|1|1
v.at(i);.|2|1
(v.at(i)|1|1
tempNum)|1|1
occurenceVector.at(occurenceVector.size()|1|1
1)++;.|1|1
summarize(|4|2
record|1|1
occurrence.|1|1
Finally,|1|1
occurrence|1|1
separately|1|1
main.cpp?.|1|1
relies|1|1
calling|1|1
separately..|1|1
hints|1|1
please?|1|1
{1,4,5,2}|1|1
"""1"""|1|1
RME..|1|1
possible)|1|1
sample|3|2
average|1|1
led|1|1
though.....|1|1
something.|1|1
us|1|1
scratch|1|1
(so|1|1
function).|1|1
save|2|2
wrote.|1|1
printed? |1|1
inputed|1|1
violates|1|1
requirements,|1|1
sufficient? |1|1
testing..|1|1
improve|1|1
one):.|1|1
Don't|1|1
here..|1|1
word|1|1
tree,|1|1
file/|1|1
app|2|2
computer.|1|1
Screen_Shot_2023-01-08_at_8.12.51_AM.png|1|1
According|1|1
explanation|1|1
wiki,|1|1
versions|1|1
deviation:|1|1
corrected|1|1
unbiased|1|1
shall|2|2
myself.|1|1
apply|1|1
compulsory|1|1
i.e.|2|2
lose|1|1
setting|1|1
compilations|1|1
almost|1|1
happen|1|1
them?.|1|1
majority|1|1
statements. |1|1
<iostream>|1|1
of |1|1
"""this"|1|1
storage|1|1
"specifierC/C++(77)"". "|1|1
included. |1|1
accomplish,|1|1
accomplishing|1|1
tactics|1|1
183.|1|1
occurs,|1|1
visited|1|1
value?|1|1
:)|1|1
clang:|1|1
invocation).|1|1
/Users/cr7/Desktop/eecs280/p1/starter-files/stats.cpp:34:18:|1|1
vp.push_back({v1.at(i),|1|1
v2.at(i)});.|1|1
notice,|1|1
initialize |1|1
{};|1|1
/Users/cr7/Desktop/eecs280/p1/starter-files/stats.cpp:15:17:|1|1
';'|1|1
declaration.|1|1
notices.|1|1
problems,|1|1
check?.|1|1
Hello!|1|1
remaking|1|1
executable|1|1
rerun|1|1
thus|1|1
unknowlingly|1|1
rerunning|1|1
old|2|2
despite|1|1
grade?|1|1
effect|1|1
grades? |1|1
file_name|1|1
variables,|1|1
"opening"""|2|2
terminates.|1|1
input.|1|1
appreciated|2|2
column_name,|1|1
stops|1|1
input,|1|1
strings|1|1
says:|1|1
using..|1|1
sqrt|2|1
casting|1|1
safe|1|1
casted|1|1
see.|1|1
represented|1|1
memory|1|1
in,|1|1
465.2250000001|1|1
465.22500000002|1|1
below..|1|1
officially|1|1
terminal:.|1|1
because,|1|1
Checks),|1|1
indented. |1|1
indent|2|1
indent(n)|1|1
indent. |1|1
output,|3|2
appear|1|1
fault|1|1
hint.|1|1
librarys|1|1
inlcuded|1|1
<iostream>,|1|1
"""p1_library.h""."|1|1
more?|1|1
library?.|1|1
tips?|1|1
Stanford|1|1
folder?.|1|1
.tsv|1|1
"""HCMST_ver_3.04.tsv"""|1|1
specs?|1|1
practice.|1|1
It's|1|1
holding|1|1
far..|1|1
driver|2|1
proceed|2|1
fstream,|1|1
use.|1|1
program? |1|1
study|2|1
contained|1|1
positive|1|1
issues).|1|1
said,|1|1
minimum|2|1
feel|1|1
value).|1|1
overlooking|1|1
something,|1|1
clarifying|1|1
Working|1|1
notes|1|1
throughout|1|1
advising|1|1
versus|1|1
via|4|4
Xcode?|1|1
directly|1|1
IDE|1|1
more.|1|1
stats.cpp:33:24:|1|1
ambiguating|1|1
summarize(std::vector)’.|1|1
vector<|3|1
v).|1|1
stats.cpp:1:.|1|1
stats.h:31:38:|1|1
‘std::vector<|1|1
std::pair<|2|1
std::vector<|3|1
)’.|1|1
31|1|1
v);.|1|1
While|1|1
sense,|1|1
values.|1|1
(modeVal|1|1
2),|1|1
test_mode,|1|1
119..|1|1
[test]|1|1
Abort|2|2
trap:|2|2
notice.|1|1
2,|3|2
logic|1|1
this:|1|1
tempNum, modeNum,|1|1
tempCount,|1|1
maxCount. Then,|1|1
looping|1|1
comparison.|1|1
Given|1|1
{{1,2},{3,4}}.|1|1
4,|1|1
vector[1][1]|1|1
work.|1|1
double).|1|1
Wikipedia|1|1
article|1|1
formula,|1|1
must|2|2
entering|1|1
p?.|1|1
percentile(v,|2|1
25);.|1|1
element?|1|1
present|1|1
executing|1|1
./stats_public_test.exe,|1|1
int>>|1|1
push_back,|1|1
errors:.|1|1
'push_back'.|1|1
differ|1|1
overloaded.|1|1
"""make"|1|1
"main.exe"","|1|1
output. .|1|1
be.|2|2
specifically,|1|1
g++.|1|1
okay,|1|1
something? .|1|1
thanks! |1|1
instruction|1|1
sort(v)|1|1
p1|1|1
.h|2|2
sent|1|1
color),|1|1
here?.|1|1
From|2|2
piazza,|1|1
(most|1|1
run)|1|1
how?|1|1
with?|2|2
where?Thank|1|1
overloaded|2|2
stats.h .|1|1
diagnostic|1|1
difference|1|1
types,|1|1
valid: .|1|1
i;|1|1
	//|1|1
100'th|1|1
statistically|1|1
place|1|1
accurate|1|1
to?|1|1
round|2|1
gdb|1|1
installation..|1|1
Gdb|1|1
selected|1|1
configuration,|1|1
WSL,|1|1
'gdb|1|1
--version'|1|1
installed.|1|1
Then|1|1
install|3|1
'sudo|1|1
apt|2|1
gdb'|1|1
installation|1|1
fails..|1|1
sudo|1|1
gdb:.|1|1
Context:|1|1
connect|1|1
(val,|1|1
freq).|1|1
Since|2|2
lost|1|1
pairs. .|1|1
back,|1|1
reiterate|1|1
doesnt|1|1
this. |1|1
line:|1|1
column_name);|1|1
project. |1|1
mac? |1|1
came|1|1
100-level|1|1
programming|1|1
submissions|1|1
name,|1|1
submission,|1|1
UID.|1|1
useful|1|1
information?|1|1
"""summarize"""|1|1
codes.|2|1
sizes|1|1
Source|1|1
'/Users/wulingyun/Desktop/UMich/Winter2023/EECS280/p1-stats/stats_tests.cpp'|1|1
newer|1|1
module|1|1
'/Users/wulingyun/Desktop/UMich/Winter2023/EECS280/p1-stats/stats_tests.exe'..|1|1
1..|1|1
Studio,|1|1
rename|1|1
here(https://eecs280staff.github.io/tutorials/setup_visualstudio.html#rename-files)|1|1
revision|1|1
beforehand.|1|1
successfully|1|1
solution,|1|1
thanks|1|1
REM|1|1
says,|1|1
"""EFFECTS:"|1|1
"v""."|1|1
v?|1|1
means?|1|1
them.|1|1
{6,7,8,9,10}|1|1
hand.|1|1
main_test_correct|1|1
regards|1|1
deviation?|1|1
.txt|1|1
1.58114..|1|1
mine|1|1
elements.|1|1
responsibility|1|1
ensure|1|1
met,|1|1
ones)|1|1
satisfy|1|1
conditions. |1|1
learned|1|1
class,|1|1
"""100th"|1|1
"percentile""."|1|1
(please|1|1
definition|1|1
percentile.)|1|1
17|1|1
below).|1|1
stats.cpp:.|1|1
compiling,|1|1
type.|1|1
modes|1|1
potential|1|1
outputs.|1|1
ignore|1|1
windows|1|1
browser|1|1
downloads|1|1
.gz|1|1
notepad|1|1
opens|1|1
cryptic|1|1
text.|1|1
Has|1|1
encountered/|1|1
Thanks.|1|1
183|1|1
ubuntu|3|2
double?|1|1
dumb|1|1
extremely|1|1
easy|1|1
implement???.|1|1
p1-stats.|1|1
stats.cpp?|1|1
Statistics|1|1
Library|1|1
portion|1|1
asks|1|1
part?|1|1
XCode|2|2
duplicate|2|2
"x86_64"""|1|1
searched|1|1
loading|1|1
twice,|1|1
rewrite|1|1
loop?|1|1
make?|1|1
-fsanitize=address|1|1
-fsanitize=undefined|1|1
stats_tests.exeduplicate|1|1
symbol|13|1
'csvstream::getheader()|1|1
const'|2|1
in: |13|1
/var/folders/df/hvpcx5997kgc73p5tdhqv1980000gn/T/stats-96eb4b.o |13|1
/var/folders/df/hvpcx5997kgc73p5tdhqv1980000gn/T/p1_library-ae46a6.oduplicate|12|1
'csvstream::read_header()'|1|1
'csvstream::operator|1|1
bool()|1|1
'csvstream::~csvstream()'|2|1
'csvstream::csvstream(std::__1::basic_istream<char,|2|1
std::__1::char_traits<char>|2|1
>&,|2|1
char,|4|1
bool)'|4|1
'csvstream::csvstream(std::__1::basic_string<char,|2|1
std::__1::char_traits<char>,|13|1
std::__1::allocator<char>|13|1
const&,|2|1
'extract_column(std::__1::basic_string<char,|1|1
std::__1::basic_string<char,|5|1
>)'|1|1
'sort(std::__1::vector<double,|1|1
>&)'|3|1
'csvstream::operator>>(std::__1::vector<std::__1::pair<std::__1::basic_string<char,|1|1
std::__1::allocator<std::__1::pair<std::__1::basic_string<char,|2|1
'csvstream::operator>>(std::__1::map<std::__1::basic_string<char,|1|1
std::__1::less<std::__1::basic_string<char,|1|1
const,|1|1
/var/folders/df/hvpcx5997kgc73p5tdhqv1980000gn/T/p1_library-ae46a6.old:|1|1
13|1|1
x86_64|1|1
.insert|2|1
double/int|1|1
middle|2|1
like.|2|2
vector_name.insert(2,{3.5,1}).|1|1
{3.5,1}|1|1
indices|1|1
instances|1|1
"function.""."|1|1
somewhere|1|1
(unlike|1|1
value)|1|1
working?|1|1
homepage|1|1
enrolled|1|1
280. |1|1
myself|1|1
yet?|1|1
control|2|2
title.|1|1
demonstrated|1|1
section.|1|1
copied|1|1
working..|1|1
whats|1|1
61.9,|1|1
stored|1|1
61.900000000000006,|1|1
fail.|1|1
? |1|1
sorts|1|1
numerical|1|1
correct?.|1|1
example:.|1|1
[1,4,5,2,3].|1|1
[1,2,3,4,5].|1|1
right????|1|1
file,I|1|1
'false'|1|1
designed|1|1
failing.|1|1
Never|1|1
mind,|1|1
"""\n"""|1|1
somewhere.|1|1
preference|1|1
use/in|1|1
scenarios|1|1
used?|1|1
getting: .|1|1
function..|1|1
Wrote|1|1
cases:|1|1
ones|1|1
integers|1|1
(Ex.|1|1
(1+2+3)/3|1|1
2)|1|1
works..|1|1
doesn't. .|1|1
:/.|1|1
compiling.|1|1
re-do|1|1
sanitizer,|1|1
anything..|1|1
vectors?|1|1
hits|1|1
:/|1|1
Dear|1|1
all,.|1|1
files)|1|1
launch|1|1
Json|1|1
(not|1|1
Honor|1|1
tutorial):.|1|1
this .|1|1
create).|1|1
file?.|1|1
downloaded|1|1
included.|1|1
included? |1|1
bash:|1|1
./stats.cpp:|1|1
Permission|1|1
sum();|1|1
treating|1|1
2D|1|1
1D?|1|1
